,Column A,Column B
0,-0.6290886477439911,-0.7203989078587235
1,-0.3291857181699903,-0.9398316288038673
2,-1.8350784099177684,-1.1920007719531054
3,0.7903793156247481,-0.9094026816411391
4,1.2388279092043288,0.6982013605820919
5,-1.0669883513312939,-0.19928333809031934
6,0.7043821099705069,1.0339103058815546
7,-0.13860753188244293,1.2102785010918238
8,-0.704399869453613,0.07995273067400967
9,-1.1570014782840432,0.4709185784136532
